{
  "kind": "semantic_free_category_presentation",
  "objects": [
    {
      "id": "cx(shift=4)",
      "color": "#91b472"
    },
    {
      "id": "h",
      "color": "#25d072"
    },
    {
      "id": "rx(k=21)",
      "color": "#975253"
    },
    {
      "id": "rx(k=5)",
      "color": "#2bb103"
    },
    {
      "id": "rx(k=9)",
      "color": "#081c07"
    },
    {
      "id": "ry(k=18)",
      "color": "#641d90"
    },
    {
      "id": "ry(k=22)",
      "color": "#6189d4"
    },
    {
      "id": "ry(k=26)",
      "color": "#00bf78"
    },
    {
      "id": "rz(k=19)",
      "color": "#22bb91"
    },
    {
      "id": "rz(k=27)",
      "color": "#2dadd9"
    },
    {
      "id": "s",
      "color": "#1a4a7f"
    },
    {
      "id": "sdg",
      "color": "#2a0b2c"
    },
    {
      "id": "t",
      "color": "#727cb5"
    },
    {
      "id": "tdg",
      "color": "#508074"
    },
    {
      "id": "y",
      "color": "#409378"
    }
  ],
  "generators": [
    {
      "src": "cx(shift=4)",
      "dst": "tdg",
      "kind": "E",
      "count": 1,
      "label": "E\u00d71",
      "examples": [
        {
          "at": [
            3,
            3
          ]
        }
      ]
    },
    {
      "src": "cx(shift=4)",
      "dst": "tdg",
      "kind": "S",
      "count": 1,
      "label": "S\u00d71",
      "examples": [
        {
          "at": [
            3,
            3
          ]
        }
      ]
    },
    {
      "src": "h",
      "dst": "rz(k=19)",
      "kind": "S",
      "count": 1,
      "label": "S\u00d71",
      "examples": [
        {
          "at": [
            1,
            4
          ]
        }
      ]
    },
    {
      "src": "rx(k=21)",
      "dst": "cx(shift=4)",
      "kind": "S",
      "count": 1,
      "label": "S\u00d71",
      "examples": [
        {
          "at": [
            2,
            3
          ]
        }
      ]
    },
    {
      "src": "rx(k=21)",
      "dst": "rz(k=19)",
      "kind": "E",
      "count": 1,
      "label": "E\u00d71",
      "examples": [
        {
          "at": [
            2,
            3
          ]
        }
      ]
    },
    {
      "src": "rx(k=5)",
      "dst": "t",
      "kind": "S",
      "count": 1,
      "label": "S\u00d71",
      "examples": [
        {
          "at": [
            1,
            2
          ]
        }
      ]
    },
    {
      "src": "rx(k=5)",
      "dst": "tdg",
      "kind": "E",
      "count": 1,
      "label": "E\u00d71",
      "examples": [
        {
          "at": [
            1,
            2
          ]
        }
      ]
    },
    {
      "src": "rx(k=9)",
      "dst": "rx(k=5)",
      "kind": "S",
      "count": 1,
      "label": "S\u00d71",
      "examples": [
        {
          "at": [
            0,
            2
          ]
        }
      ]
    },
    {
      "src": "rx(k=9)",
      "dst": "rz(k=27)",
      "kind": "E",
      "count": 1,
      "label": "E\u00d71",
      "examples": [
        {
          "at": [
            0,
            2
          ]
        }
      ]
    },
    {
      "src": "ry(k=18)",
      "dst": "rx(k=5)",
      "kind": "E",
      "count": 1,
      "label": "E\u00d71",
      "examples": [
        {
          "at": [
            1,
            1
          ]
        }
      ]
    },
    {
      "src": "ry(k=18)",
      "dst": "y",
      "kind": "S",
      "count": 1,
      "label": "S\u00d71",
      "examples": [
        {
          "at": [
            1,
            1
          ]
        }
      ]
    },
    {
      "src": "ry(k=22)",
      "dst": "t",
      "kind": "S",
      "count": 1,
      "label": "S\u00d71",
      "examples": [
        {
          "at": [
            3,
            1
          ]
        }
      ]
    },
    {
      "src": "ry(k=22)",
      "dst": "y",
      "kind": "E",
      "count": 1,
      "label": "E\u00d71",
      "examples": [
        {
          "at": [
            3,
            1
          ]
        }
      ]
    },
    {
      "src": "ry(k=26)",
      "dst": "tdg",
      "kind": "E",
      "count": 1,
      "label": "E\u00d71",
      "examples": [
        {
          "at": [
            4,
            2
          ]
        }
      ]
    },
    {
      "src": "rz(k=19)",
      "dst": "tdg",
      "kind": "S",
      "count": 1,
      "label": "S\u00d71",
      "examples": [
        {
          "at": [
            2,
            4
          ]
        }
      ]
    },
    {
      "src": "rz(k=27)",
      "dst": "s",
      "kind": "S",
      "count": 1,
      "label": "S\u00d71",
      "examples": [
        {
          "at": [
            2,
            0
          ]
        }
      ]
    },
    {
      "src": "rz(k=27)",
      "dst": "sdg",
      "kind": "E",
      "count": 1,
      "label": "E\u00d71",
      "examples": [
        {
          "at": [
            0,
            3
          ]
        }
      ]
    },
    {
      "src": "rz(k=27)",
      "dst": "tdg",
      "kind": "S",
      "count": 1,
      "label": "S\u00d71",
      "examples": [
        {
          "at": [
            0,
            3
          ]
        }
      ]
    },
    {
      "src": "rz(k=27)",
      "dst": "y",
      "kind": "E",
      "count": 1,
      "label": "E\u00d71",
      "examples": [
        {
          "at": [
            2,
            0
          ]
        }
      ]
    },
    {
      "src": "s",
      "dst": "ry(k=18)",
      "kind": "E",
      "count": 1,
      "label": "E\u00d71",
      "examples": [
        {
          "at": [
            1,
            0
          ]
        }
      ]
    },
    {
      "src": "s",
      "dst": "ry(k=22)",
      "kind": "E",
      "count": 1,
      "label": "E\u00d71",
      "examples": [
        {
          "at": [
            3,
            0
          ]
        }
      ]
    },
    {
      "src": "s",
      "dst": "rz(k=27)",
      "kind": "S",
      "count": 1,
      "label": "S\u00d71",
      "examples": [
        {
          "at": [
            1,
            0
          ]
        }
      ]
    },
    {
      "src": "s",
      "dst": "y",
      "kind": "S",
      "count": 1,
      "label": "S\u00d71",
      "examples": [
        {
          "at": [
            3,
            0
          ]
        }
      ]
    },
    {
      "src": "sdg",
      "dst": "h",
      "kind": "S",
      "count": 1,
      "label": "S\u00d71",
      "examples": [
        {
          "at": [
            0,
            4
          ]
        }
      ]
    },
    {
      "src": "t",
      "dst": "rx(k=21)",
      "kind": "E",
      "count": 1,
      "label": "E\u00d71",
      "examples": [
        {
          "at": [
            2,
            2
          ]
        }
      ]
    },
    {
      "src": "t",
      "dst": "ry(k=26)",
      "kind": "E",
      "count": 1,
      "label": "E\u00d71",
      "examples": [
        {
          "at": [
            4,
            1
          ]
        }
      ]
    },
    {
      "src": "t",
      "dst": "y",
      "kind": "S",
      "count": 1,
      "label": "S\u00d71",
      "examples": [
        {
          "at": [
            2,
            2
          ]
        }
      ]
    },
    {
      "src": "tdg",
      "dst": "h",
      "kind": "E",
      "count": 1,
      "label": "E\u00d71",
      "examples": [
        {
          "at": [
            1,
            3
          ]
        }
      ]
    },
    {
      "src": "tdg",
      "dst": "rx(k=21)",
      "kind": "S",
      "count": 1,
      "label": "S\u00d71",
      "examples": [
        {
          "at": [
            1,
            3
          ]
        }
      ]
    },
    {
      "src": "tdg",
      "dst": "rx(k=9)",
      "kind": "E",
      "count": 1,
      "label": "E\u00d71",
      "examples": [
        {
          "at": [
            0,
            1
          ]
        }
      ]
    },
    {
      "src": "tdg",
      "dst": "ry(k=18)",
      "kind": "E",
      "count": 1,
      "label": "E\u00d71",
      "examples": [
        {
          "at": [
            4,
            3
          ]
        }
      ]
    },
    {
      "src": "tdg",
      "dst": "ry(k=18)",
      "kind": "S",
      "count": 2,
      "label": "S\u00d72",
      "examples": [
        {
          "at": [
            0,
            1
          ]
        },
        {
          "at": [
            3,
            4
          ]
        }
      ]
    },
    {
      "src": "tdg",
      "dst": "s",
      "kind": "S",
      "count": 1,
      "label": "S\u00d71",
      "examples": [
        {
          "at": [
            0,
            0
          ]
        }
      ]
    },
    {
      "src": "tdg",
      "dst": "tdg",
      "kind": "E",
      "count": 1,
      "label": "E\u00d71",
      "examples": [
        {
          "at": [
            0,
            0
          ]
        }
      ]
    },
    {
      "src": "y",
      "dst": "cx(shift=4)",
      "kind": "E",
      "count": 1,
      "label": "E\u00d71",
      "examples": [
        {
          "at": [
            3,
            2
          ]
        }
      ]
    },
    {
      "src": "y",
      "dst": "ry(k=22)",
      "kind": "S",
      "count": 1,
      "label": "S\u00d71",
      "examples": [
        {
          "at": [
            2,
            1
          ]
        }
      ]
    },
    {
      "src": "y",
      "dst": "ry(k=26)",
      "kind": "S",
      "count": 1,
      "label": "S\u00d71",
      "examples": [
        {
          "at": [
            3,
            2
          ]
        }
      ]
    },
    {
      "src": "y",
      "dst": "t",
      "kind": "E",
      "count": 2,
      "label": "E\u00d72",
      "examples": [
        {
          "at": [
            2,
            1
          ]
        },
        {
          "at": [
            4,
            0
          ]
        }
      ]
    }
  ],
  "composition": "paths (free category on the generator graph)",
  "identities": "implicit for each object",
  "window": {
    "q": 5,
    "layers": 5,
    "m": 5
  },
  "reversible_only": false
}