{
  "kind": "semantic_free_category_presentation",
  "objects": [
    {
      "id": "cx(shift=2)",
      "color": "#42afa3"
    },
    {
      "id": "h",
      "color": "#1d67e6"
    },
    {
      "id": "rz(k=11)",
      "color": "#270de9"
    },
    {
      "id": "rz(k=23)",
      "color": "#8ec155"
    },
    {
      "id": "s",
      "color": "#54bd87"
    },
    {
      "id": "t",
      "color": "#1d468f"
    }
  ],
  "generators": [
    {
      "src": "cx(shift=2)",
      "dst": "cx(shift=2)",
      "kind": "E",
      "count": 1,
      "label": "E\u00d71",
      "examples": [
        {
          "at": [
            1,
            1
          ]
        }
      ]
    },
    {
      "src": "cx(shift=2)",
      "dst": "h",
      "kind": "E",
      "count": 1,
      "label": "E\u00d71",
      "examples": [
        {
          "at": [
            0,
            0
          ]
        }
      ]
    },
    {
      "src": "cx(shift=2)",
      "dst": "s",
      "kind": "S",
      "count": 1,
      "label": "S\u00d71",
      "examples": [
        {
          "at": [
            1,
            1
          ]
        }
      ]
    },
    {
      "src": "cx(shift=2)",
      "dst": "t",
      "kind": "S",
      "count": 2,
      "label": "S\u00d72",
      "examples": [
        {
          "at": [
            0,
            0
          ]
        },
        {
          "at": [
            1,
            2
          ]
        }
      ]
    },
    {
      "src": "h",
      "dst": "cx(shift=2)",
      "kind": "S",
      "count": 1,
      "label": "S\u00d71",
      "examples": [
        {
          "at": [
            0,
            1
          ]
        }
      ]
    },
    {
      "src": "h",
      "dst": "rz(k=23)",
      "kind": "E",
      "count": 1,
      "label": "E\u00d71",
      "examples": [
        {
          "at": [
            0,
            1
          ]
        }
      ]
    },
    {
      "src": "rz(k=11)",
      "dst": "s",
      "kind": "E",
      "count": 1,
      "label": "E\u00d71",
      "examples": [
        {
          "at": [
            2,
            0
          ]
        }
      ]
    },
    {
      "src": "rz(k=23)",
      "dst": "cx(shift=2)",
      "kind": "S",
      "count": 1,
      "label": "S\u00d71",
      "examples": [
        {
          "at": [
            0,
            2
          ]
        }
      ]
    },
    {
      "src": "s",
      "dst": "t",
      "kind": "E",
      "count": 1,
      "label": "E\u00d71",
      "examples": [
        {
          "at": [
            2,
            1
          ]
        }
      ]
    },
    {
      "src": "t",
      "dst": "cx(shift=2)",
      "kind": "E",
      "count": 1,
      "label": "E\u00d71",
      "examples": [
        {
          "at": [
            1,
            0
          ]
        }
      ]
    },
    {
      "src": "t",
      "dst": "rz(k=11)",
      "kind": "S",
      "count": 1,
      "label": "S\u00d71",
      "examples": [
        {
          "at": [
            1,
            0
          ]
        }
      ]
    }
  ],
  "composition": "paths (free category on the generator graph)",
  "identities": "implicit for each object",
  "window": {
    "q": 3,
    "layers": 3,
    "m": 3
  },
  "reversible_only": false
}