{
  "version": 6,
  "cmakeMinimumRequired": { "major": 3, "minor": 28, "patch": 0 },
  "configurePresets": [
    {
      "name": "windows-msvc-debug",
      "displayName": "Windows MSVC Debug (Ninja)",
      "generator": "Ninja",
      "binaryDir": "${sourceDir}/out/build/${presetName}",
      "cacheVariables": { "CMAKE_BUILD_TYPE": "Debug" },
      "condition": { "type": "equals", "lhs": "${hostSystemName}", "rhs": "Windows" }
    },
    {
      "name": "windows-msvc-release",
      "displayName": "Windows MSVC Release (Ninja)",
      "generator": "Ninja",
      "binaryDir": "${sourceDir}/out/build/${presetName}",
      "cacheVariables": { "CMAKE_BUILD_TYPE": "Release" },
      "condition": { "type": "equals", "lhs": "${hostSystemName}", "rhs": "Windows" }
    },
    {
      "name": "linux-debug",
      "displayName": "Linux Debug (Ninja)",
      "generator": "Ninja",
      "binaryDir": "${sourceDir}/out/build/${presetName}",
      "cacheVariables": { "CMAKE_BUILD_TYPE": "Debug" },
      "condition": { "type": "equals", "lhs": "${hostSystemName}", "rhs": "Linux" }
    },
    {
      "name": "macos-debug",
      "displayName": "macOS Debug (Ninja)",
      "generator": "Ninja",
      "binaryDir": "${sourceDir}/out/build/${presetName}",
      "cacheVariables": { "CMAKE_BUILD_TYPE": "Debug" },
      "condition": { "type": "equals", "lhs": "${hostSystemName}", "rhs": "Darwin" }
    }
  ],
  "buildPresets": [
    { "name": "windows-msvc-debug", "configurePreset": "windows-msvc-debug" },
    { "name": "windows-msvc-release", "configurePreset": "windows-msvc-release" },
    { "name": "linux-debug", "configurePreset": "linux-debug" },
    { "name": "macos-debug", "configurePreset": "macos-debug" }
  ]
}
