{
    "id": "lattice-gamev4",
    "title": "x00004 Lattice Game Workbench",
    "description": "Deterministic 1D\/2D\/3D lattice generator with mesh extraction, JS scripting, and x00004.03 valid\/invalid islands \u2014 packaged for Genesis OS.",
    "version": "1.0.0",
    "author": "Dominic Alexander Cooper",
    "icon": "\u2b1b",
    "category": "Development",
    "entry": "lattice-gamev4.js",
    "permissions": [],
    "window": {
        "width": 1250,
        "height": 720,
        "resizable": true
    }
}